{"undo": [],"redo": [{"text": "    Normal,","type": 8.000000,"posy": 1.000000,"posx": 0.000000},{"text": " ","type": 9.000000,"posy": 7.000000,"posx": 0.000000}]}