{"undo": [],"redo": [{"text": " ","type": 9.000000,"posy": 12.000000,"posx": 0.000000},{"text": "    Right,","type": 8.000000,"posy": 2.000000,"posx": 0.000000}]}